{
	"IcoMoonType": "selection",
	"icons": [
		{
			"icon": {
				"paths": [
					"M135.429 808h132v-396.571h-132v396.571zM276 289.143q-0.571-29.714-20.571-49.143t-53.143-19.429-54 19.429-20.857 49.143q0 29.143 20.286 48.857t52.857 19.714h0.571q33.714 0 54.286-19.714t20.571-48.857zM610.286 808h132v-227.429q0-88-41.714-133.143t-110.286-45.143q-77.714 0-119.429 66.857h1.143v-57.714h-132q1.714 37.714 0 396.571h132v-221.714q0-21.714 4-32 8.571-20 25.714-34t42.286-14q66.286 0 66.286 89.714v212zM877.714 237.714v548.571q0 68-48.286 116.286t-116.286 48.286h-548.571q-68 0-116.286-48.286t-48.286-116.286v-548.571q0-68 48.286-116.286t116.286-48.286h548.571q68 0 116.286 48.286t48.286 116.286z"
				],
				"width": 877.7130457558669,
				"attrs": [],
				"isMulticolor": false,
				"tags": [
					"linkedin-square"
				],
				"defaultCode": 61580,
				"grid": 14
			},
			"attrs": [],
			"properties": {
				"id": 132,
				"order": 16,
				"name": "linkedin-square",
				"prevSize": 28,
				"code": 61580
			},
			"setIdx": 0,
			"setId": 1,
			"iconIdx": 132
		},
		{
			"icon": {
				"paths": [
					"M925.714 233.143q-38.286 56-92.571 95.429 0.571 8 0.571 24 0 74.286-21.714 148.286t-66 142-105.429 120.286-147.429 83.429-184.571 31.143q-154.857 0-283.429-82.857 20 2.286 44.571 2.286 128.571 0 229.143-78.857-60-1.143-107.429-36.857t-65.143-91.143q18.857 2.857 34.857 2.857 24.571 0 48.571-6.286-64-13.143-106-63.714t-42-117.429v-2.286q38.857 21.714 83.429 23.429-37.714-25.143-60-65.714t-22.286-88q0-50.286 25.143-93.143 69.143 85.143 168.286 136.286t212.286 56.857q-4.571-21.714-4.571-42.286 0-76.571 54-130.571t130.571-54q80 0 134.857 58.286 62.286-12 117.143-44.571-21.143 65.714-81.143 101.714 53.143-5.714 106.286-28.571z"
				],
				"width": 950.8560180664062,
				"attrs": [],
				"isMulticolor": false,
				"tags": [
					"twitter"
				],
				"defaultCode": 61593,
				"grid": 14
			},
			"attrs": [],
			"properties": {
				"id": 144,
				"order": 17,
				"name": "twitter",
				"prevSize": 28,
				"code": 61593
			},
			"setIdx": 0,
			"setId": 1,
			"iconIdx": 144
		},
		{
			"icon": {
				"paths": [
					"M877.714 512q0 143.429-83.714 258t-216.286 158.571q-15.429 2.857-22.571-4t-7.143-17.143v-120.571q0-55.429-29.714-81.143 32.571-3.429 58.571-10.286t53.714-22.286 46.286-38 30.286-60 11.714-86q0-69.143-45.143-117.714 21.143-52-4.571-116.571-16-5.143-46.286 6.286t-52.571 25.143l-21.714 13.714q-53.143-14.857-109.714-14.857t-109.714 14.857q-9.143-6.286-24.286-15.429t-47.714-22-49.143-7.714q-25.143 64.571-4 116.571-45.143 48.571-45.143 117.714 0 48.571 11.714 85.714t30 60 46 38.286 53.714 22.286 58.571 10.286q-22.857 20.571-28 58.857-12 5.714-25.714 8.571t-32.571 2.857-37.429-12.286-31.714-35.714q-10.857-18.286-27.714-29.714t-28.286-13.714l-11.429-1.714q-12 0-16.571 2.571t-2.857 6.571 5.143 8 7.429 6.857l4 2.857q12.571 5.714 24.857 21.714t18 29.143l5.714 13.143q7.429 21.714 25.143 35.143t38.286 17.143 39.714 4 31.714-2l13.143-2.286q0 21.714 0.286 50.857t0.286 30.857q0 10.286-7.429 17.143t-22.857 4q-132.571-44-216.286-158.571t-83.714-258q0-119.429 58.857-220.286t159.714-159.714 220.286-58.857 220.286 58.857 159.714 159.714 58.857 220.286z"
				],
				"width": 877.7155405680533,
				"attrs": [],
				"isMulticolor": false,
				"tags": [
					"github"
				],
				"defaultCode": 61595,
				"grid": 14
			},
			"attrs": [],
			"properties": {
				"id": 146,
				"order": 20,
				"name": "github",
				"prevSize": 28,
				"code": 61595
			},
			"setIdx": 0,
			"setId": 1,
			"iconIdx": 146
		},
		{
			"icon": {
				"paths": [
					"M778.286 814.857v-370.286h-77.143q11.429 36 11.429 74.857 0 72-36.571 132.857t-99.429 96.286-137.143 35.429q-112.571 0-192.571-77.429t-80-187.143q0-38.857 11.429-74.857h-80.571v370.286q0 14.857 10 24.857t24.857 10h610.857q14.286 0 24.571-10t10.286-24.857zM616 510.286q0-70.857-51.714-120.857t-124.857-50q-72.571 0-124.286 50t-51.714 120.857 51.714 120.857 124.286 50q73.143 0 124.857-50t51.714-120.857zM778.286 304.571v-94.286q0-16-11.429-27.714t-28-11.714h-99.429q-16.571 0-28 11.714t-11.429 27.714v94.286q0 16.571 11.429 28t28 11.429h99.429q16.571 0 28-11.429t11.429-28zM877.714 185.714v652.571q0 46.286-33.143 79.429t-79.429 33.143h-652.571q-46.286 0-79.429-33.143t-33.143-79.429v-652.571q0-46.286 33.143-79.429t79.429-33.143h652.571q46.286 0 79.429 33.143t33.143 79.429z"
				],
				"width": 877.7130457558669,
				"attrs": [],
				"isMulticolor": false,
				"tags": [
					"instagram"
				],
				"defaultCode": 61805,
				"grid": 14
			},
			"attrs": [],
			"properties": {
				"id": 329,
				"order": 14,
				"name": "instagram",
				"prevSize": 28,
				"code": 61805
			},
			"setIdx": 0,
			"setId": 1,
			"iconIdx": 329
		},
		{
			"icon": {
				"paths": [
					"M578.662 346.931c-10.035-10.086-26.368-10.086-36.352 0l-143.718 146.688c-10.035 10.189-10.035 26.624 0 36.71l143.718 146.637c9.984 10.189 26.317 10.138 36.352 0 10.035-10.086 10.035-26.522 0-36.71l-117.862-128.256 117.862-128.307c10.035-10.138 10.035-26.522 0-36.762zM512 20.48c-271.462 0-491.52 220.058-491.52 491.52 0 271.514 220.058 491.52 491.52 491.52s491.52-220.006 491.52-491.52c0-271.462-220.058-491.52-491.52-491.52zM512 939.725c-236.288 0-427.725-191.488-427.725-427.725s191.437-427.725 427.725-427.725c236.186 0 427.725 191.488 427.725 427.725s-191.539 427.725-427.725 427.725z"
				],
				"attrs": [],
				"isMulticolor": false,
				"tags": [
					"chevron-with-circle-left"
				],
				"grid": 20
			},
			"attrs": [],
			"properties": {
				"id": 47,
				"order": 1,
				"prevSize": 20,
				"code": 59648,
				"name": "chevron-with-circle-left"
			},
			"setIdx": 1,
			"setId": 0,
			"iconIdx": 46
		},
		{
			"icon": {
				"paths": [
					"M563.2 512l-117.862-128.307c-10.035-10.138-10.035-26.573 0-36.762 10.035-10.086 26.368-10.086 36.352 0l143.718 146.637c10.035 10.189 10.035 26.624 0 36.71l-143.718 146.637c-9.984 10.189-26.317 10.138-36.352 0-10.035-10.086-10.035-26.522 0-36.71l117.862-128.205zM512 20.48c271.462 0 491.52 220.058 491.52 491.52 0 271.514-220.058 491.52-491.52 491.52s-491.52-220.006-491.52-491.52c0-271.462 220.058-491.52 491.52-491.52zM512 939.725c236.186 0 427.725-191.488 427.725-427.725s-191.539-427.725-427.725-427.725c-236.288 0-427.725 191.488-427.725 427.725-0.051 236.237 191.437 427.725 427.725 427.725z"
				],
				"attrs": [],
				"isMulticolor": false,
				"tags": [
					"chevron-with-circle-right"
				],
				"grid": 20
			},
			"attrs": [],
			"properties": {
				"id": 48,
				"order": 2,
				"prevSize": 20,
				"code": 59649,
				"name": "chevron-with-circle-right"
			},
			"setIdx": 1,
			"setId": 0,
			"iconIdx": 47
		},
		{
			"icon": {
				"paths": [
					"M734.618 760.269c-24.013 24.013-62.925 24.013-86.886 0l-135.731-155.136-135.731 155.085c-24.013 24.013-62.925 24.013-86.886 0-24.013-24.013-24.013-62.925 0-86.886l141.21-161.28-141.261-161.382c-24.013-24.013-24.013-62.874 0-86.886s62.874-24.013 86.886 0l135.782 155.187 135.731-155.187c24.013-24.013 62.874-24.013 86.886 0s24.013 62.925 0 86.886l-141.21 161.382 141.21 161.28c24.013 24.013 24.013 62.925 0 86.938z"
				],
				"attrs": [],
				"isMulticolor": false,
				"tags": [
					"cross"
				],
				"grid": 20
			},
			"attrs": [],
			"properties": {
				"id": 142,
				"order": 12,
				"prevSize": 20,
				"code": 59650,
				"name": "cross"
			},
			"setIdx": 1,
			"setId": 0,
			"iconIdx": 141
		}
	],
	"height": 1024,
	"metadata": {
		"name": "icomoon"
	},
	"preferences": {
		"showGlyphs": true,
		"showCodes": true,
		"showQuickUse": true,
		"showQuickUse2": true,
		"showSVGs": true,
		"fontPref": {
			"prefix": "icon-",
			"metadata": {
				"fontFamily": "icomoon",
				"majorVersion": 1,
				"minorVersion": 0
			},
			"metrics": {
				"emSize": 1024,
				"baseline": 6.25,
				"whitespace": 50
			},
			"embed": false,
			"showSelector": false,
			"showMetrics": false,
			"showMetadata": false,
			"showVersion": false,
			"cssVars": true
		},
		"imagePref": {
			"prefix": "icon-",
			"png": true,
			"useClassSelector": true,